Stock_Symbol,Sector
1018GS2026,Unknown
20MICRONS,Unknown
21STCENMGM,Unknown
360ONE,Finance - Others
3IINFOLTD,Unknown
3MINDIA,Diversified
3PLAND,Unknown
574GS2026,Unknown
577GS2030,Unknown
585GS2030,Unknown
591GS2028,Unknown
5PAISA,Unknown
601GS2030,Unknown
610GS2031,Unknown
633GS2035,Unknown
63MOONS,Unknown
654GS2032,Unknown
664GS2027,Unknown
667GS2035,Unknown
667GS2050,Unknown
668GS2040,Unknown
675GS2029,Unknown
676GS2061,Unknown
690GS2065,Unknown
695GS2061,Unknown
697GR2034,Unknown
699GS2026,Unknown
702GS2027,Unknown
702GS2031,Unknown
704GS2029,Unknown
706GS2028,Unknown
709GS2054,Unknown
709GS2074,Unknown
710GS2029,Unknown
716GS2050,Unknown
718GS2033,Unknown
718GS2037,Unknown
725GS2063,Unknown
726GS2032,Unknown
726GS2033,Unknown
732GS2030,Unknown
734GS2064,Unknown
736GS2052,Unknown
737GS2028,Unknown
738GS2027,Unknown
73GS2053,Unknown
746GS2073,Unknown
74GS2035,Unknown
74GS2062,Unknown
754GS2036,Unknown
75GS2034,Unknown
769GS2043,Unknown
813GS2045,Unknown
828GS2027,Unknown
832GS2032,Unknown
833GS2026,Unknown
897GS2030,Unknown
92GS2030,Unknown
A2ZINFRA,Unknown
AAATECH,Plastic Products
AADHARHFC,Unknown
AAKAAR,Unknown
AAKASH,Oil Exploration
AAREYDRUGS,Unknown
AARON,Unknown
AARTECH,Plastic Products
AARTIDRUGS,Unknown
AARTIIND,Unknown
AARTIPHARM,Unknown
AARTISURF,Unknown
AARVEEDEN,Unknown
AARVI,Unknown
AAVAS,Unknown
ABAN,Bank - Private
ABB,Electric Equipment
ABBOTINDIA,Industrial  Gases & Fuels
ABCAPITAL,Unknown
ABCOTS,Unknown
ABDL,Unknown
ABFRL,Unknown
ABGSEC,Unknown
ABHAPOWER,Unknown
ABINFRA,Unknown
ABLBL,Unknown
ABMINTLLTD,Unknown
ABREL,Unknown
ABSLAMC,Unknown
ABSLBANETF,Unknown
ABSLLIQUID,Unknown
ABSLNN50ET,Unknown
ABSLPSE,Unknown
ABSMARINE,Unknown
ACC,Cement & Construction Materials
ACCELYA,Cement & Construction Materials
ACCENTMIC,Cement & Construction Materials
ACCPL,Cement & Construction Materials
ACCURACY,Cement & Construction Materials
ACE,Airlines
ACEINTEG,Unknown
ACI,Engineering - Construction
ACL,Unknown
ACLGATI,Unknown
ACMESOLAR,Power Generation/Distribution
ACTIVEINFR,Unknown
ACUTAAS,Unknown
ADANIENSOL,Unknown
ADANIENT,Trading
ADANIGREEN,Unknown
ADANIPORTS,Port
ADANIPOWER,Power Generation/Distribution
ADFFOODS,Unknown
ADL,Unknown
ADOR,Electrodes & Welding Equipment
ADROITINFO,Telecommunication - Equipment
ADSL,Unknown
ADVANIHOTR,Unknown
ADVENZYMES,Unknown
AEGISLOG,Trading
AEGISVOPAK,Miscellaneous
AEROENTER,Unknown
AEROFLEX,Unknown
AERON,Defence
AESTHETIK,Unknown
AETHER,Unknown
AFCONS,Unknown
AFFLE,Unknown
AFFORDABLE,Unknown
AFIL,Unknown
AFSL,Unknown
AGARIND,Breweries & Distilleries
AGARWALEYE,Unknown
AGARWALFT,Unknown
AGARWALTUF,Unknown
AGI,Amusement Parks/Recreation/Club
AGIIL,Unknown
AGNI,Unknown
AGRITECH,Plastic Products
AGROPHOS,Fertilizers
AGSTRA,Unknown
AGUL,Unknown
AHLADA,Unknown
AHLEAST,Unknown
AHLUCONT,Unknown
AIAENG,Castings/Forgings
AIIL,Unknown
AIMTRON,Electronics - Components
AIRAN,Unknown
AIROLAM,Laminates/Decoratives
AIRTELPP,Unknown
AJANTPHARM,Unknown
AJAXENGG,Unknown
AJMERA,Unknown
AJOONI,Animal Feed
AKANKSHA,Unknown
AKASH,Dyes & Pigments
AKG,Unknown
AKI,Finance - NBFC
AKIKO,Unknown
AKSHAR,Dyes & Pigments
AKSHARCHEM,Dyes & Pigments
AKSHOPTFBR,Unknown
AKUMS,Unknown
AKZOINDIA,Industrial  Gases & Fuels
ALANKIT,Unknown
ALBERTDAVD,Unknown
ALEMBICLTD,Unknown
ALICON,Unknown
ALIVUS,Unknown
ALKALI,Unknown
ALKEM,Unknown
ALKYLAMINE,Unknown
ALLCARGO,Unknown
ALLDIGI,Unknown
ALLETEC,Unknown
ALMONDZ,Unknown
ALOKINDS,Unknown
ALPA,Hospital & Healthcare Services
ALPEXSOLAR,Unknown
ALPHA,Unknown
ALPHAETF,Unknown
ALPHAGEO,Unknown
ALPL30IETF,Unknown
ALPSINDUS,Unknown
ALUWIND,Engineering
AMBER,Air Conditioners
AMBEY,Pesticides & Agrochemicals
AMBICAAGAR,Unknown
AMBIKCO,Unknown
AMBUJACEM,Cement & Construction Materials
AMDIND,Unknown
AMEYA,Unknown
AMJLAND,Unknown
AMJUMBO,Unknown
AMNPLST,Unknown
AMRUTANJAN,Unknown
ANANDRATHI,Finance - Others
ANANTRAJ,Unknown
ANDHRAPAP,Unknown
ANDHRSUGAR,Unknown
ANGELONE,Finance - Stock Broking
ANIKINDS,Unknown
ANKITMETAL,Metal - Non Ferrous
ANLON,Unknown
ANMOL,Unknown
ANNAPURNA,Unknown
ANSALAPI,Unknown
ANTGRAPHIC,Unknown
ANTHEM,Unknown
ANUHPHR,Unknown
ANUP,Unknown
ANURAS,Unknown
ANYA,Cement & Construction Materials
AONELIQUID,Unknown
AONENIFTY,Bank - Public
AONETOTAL,Unknown
APARINDS,Unknown
APCL,Unknown
APCOTEXIND,Rubber  Products
APEX,Aquaculture
APEXECO,Environmental Services
APLAPOLLO,Unknown
APLLTD,Unknown
APOLLO,Hospital & Healthcare Services
APOLLOHOSP,Hospital & Healthcare Services
APOLLOPIPE,Unknown
APOLLOTYRE,Tyres & Allied
APOLSINHOT,Unknown
APRAMEYA,Unknown
APS,Advertising & Media
APTECHT,Plastic Products
APTUS,Finance - Housing
ARABIAN,Lubricants
ARCHIDPLY,Wood & Wood Products
ARCHIES,Unknown
ARE&M,Unknown
ARFIN,Aluminium & Aluminium Products
ARHAM,Consumer Durables - Electronics
ARIES,Fertilizers
ARIHANTACA,Unknown
ARIHANTCAP,Unknown
ARIHANTSUP,Unknown
ARISINFRA,Unknown
ARKADE,Unknown
ARMANFIN,Unknown
AROGRANITE,Unknown
ARROWGREEN,Unknown
ARSSINFRA,Unknown
ARTEMISMED,Unknown
ARTNIRMAN,Unknown
ARUNAYA,Unknown
ARVEE,Unknown
ARVIND,Shipping
ARVINDFASN,Unknown
ARVINDPORT,Shipping
ARVSMART,Unknown
ASAHIINDIA,Glass
ASAHISONG,Unknown
ASAL,Unknown
ASALCBR,Unknown
ASHALOG,Unknown
ASHAPURMIN,Unknown
ASHIANA,Unknown
ASHIMASYN,Textile
ASHOKA,Unknown
ASHOKAMET,Unknown
ASHOKLEY,Automobiles-Trucks/Lcv
ASIANENE,Unknown
ASIANHOTNR,Unknown
ASIANPAINT,Paints
ASIANTILES,Construction Vehicles
ASKAUTOLTD,Unknown
ASLIND,Unknown
ASMS,Unknown
ASPINWALL,Diversified
ASPIRE,Unknown
ASTEC,Pesticides & Agrochemicals
ASTERDM,Unknown
ASTRAL,Plastic Products
ASTRAMICRO,Unknown
ASTRAZEN,Unknown
ASTRON,Paper & Paper Products
ATALREAL,Unknown
ATAM,Automobiles-Trucks/Lcv
ATCENERGY,Unknown
ATGL,Unknown
ATHERENERG,Automobile Two & Three Wheelers
ATL,Cycles
ATLANTAA,Unknown
ATLASCYCLE,Cycles
ATMASTCO,Unknown
ATUL,Automobile Two & Three Wheelers
ATULAUTO,Automobile Two & Three Wheelers
AUBANK,Bank - Public
AURDIS,Unknown
AURIONPRO,Unknown
AUROIMPEX,Unknown
AUROPHARMA,Unknown
AURUM,Unknown
AUSL,Unknown
AUSOMENT,Unknown
AUTOAXLES,Unknown
AUTOBEES,Unknown
AUTOIETF,Unknown
AUTOIND,Auto Ancillary
AVADHSUGAR,Unknown
AVALON,Unknown
AVANTEL,Defence
AVANTIFEED,Animal Feed
AVG,Unknown
AVIANSH,Unknown
AVL,Unknown
AVONMORE,Unknown
AVPINFRA,Unknown
AVROIND,Unknown
AVTNPL,Unknown
AWFIS,Unknown
AWHCL,Unknown
AWL,Edible Oil
AXISBANK,Bank - Private
AXISBNKETF,Unknown
AXISBPSETF,Unknown
AXISCADES,Unknown
AXISCETF,Unknown
AXISGOLD,Unknown
AXISHCETF,Unknown
AXISILVER,Unknown
AXISNIFTY,Bank - Public
AXISTECETF,Unknown
AXISVALUE,Unknown
AXITA,Unknown
AXSENSEX,Unknown
AYMSYNTEX,Textile
AZAD,Unknown
BABAFP,Unknown
BAFNAPH,Unknown
BAGFILMS,Unknown
BAHETI,Aluminium & Aluminium Products
BAIDFIN,Unknown
BAJAJ-AUTO,Automobile Two & Three Wheelers
BAJAJCON,Unknown
BAJAJELEC,Unknown
BAJAJFINSV,Unknown
BAJAJHCARE,Unknown
BAJAJHFL,Unknown
BAJAJHIND,Sugar
BAJAJHLDNG,Unknown
BAJAJINDEF,Unknown
BAJEL,Unknown
BAJFINANCE,Finance - Stock Broking
BALAJEE,Unknown
BALAJIPHOS,Unknown
BALAJITELE,"Film Production, Distribution & Entertainment"
BALAMINES,Unknown
BALAXI,Unknown
BALCO,Unknown
BALKRISHNA,Tyres & Allied
BALKRISIND,Unknown
BALMLAWRIE,Unknown
BALPHARMA,Unknown
BALRAMCHIN,Unknown
BALUFORGE,Unknown
BANARBEADS,Unknown
BANARISUG,Unknown
BANCOINDIA,Industrial  Gases & Fuels
BANDHANBNK,Unknown
BANG,Unknown
BANKA,Bank - Public
BANKBARODA,Bank - Public
BANKBEES,Bank - Public
BANKBETF,Bank - Public
BANKETF,Bank - Public
BANKETFADD,Bank - Public
BANKIETF,Bank - Public
BANKINDIA,Bank - Public
BANKNIFTY1,Bank - Public
BANKPSU,Bank - Public
BANSALWIRE,Unknown
BANSWRAS,Unknown
BARBEQUE,Restaurants
BARFLEX,Unknown
BASF,Unknown
BASILIC,Unknown
BASML,Unknown
BATAINDIA,Footwear
BAWEJA,IT - Hardware
BAYERCROP,Pesticides & Agrochemicals
BBETF0432,Unknown
BBL,Engineering Consultancy
BBNPNBETF,Bank - Public
BBNPPGOLD,Unknown
BBOX,Unknown
BBTC,Unknown
BBTCL,Unknown
BCG,Unknown
BCLIND,Edible Oil
BCONCEPTS,Unknown
BDL,Unknown
BEACON,Unknown
BEARDSELL,Unknown
BECTORFOOD,Unknown
BEDMUTHA,Unknown
BEL,Cable
BELLACASA,Unknown
BELRISE,Unknown
BEML,Construction Vehicles
BEPL,Packaging
BERGEPAINT,Unknown
BESTAGRO,Pesticides & Agrochemicals
BETA,Unknown
BEWLTD,Unknown
BFINVEST,Unknown
BFSI,Unknown
BFUTILITIE,Construction Vehicles
BGRENERGY,Unknown
BHAGCHEM,Pharmaceuticals & Drugs
BHAGERIA,Dyes & Pigments
BHAGYANGR,Unknown
BHANDARI,Unknown
BHARATFORG,Forgings
BHARATGEAR,Unknown
BHARATRAS,Unknown
BHARATSE,Auto Ancillary
BHARATWIRE,Metal - Non Ferrous
BHARTIARTL,Unknown
BHARTIHEXA,Telecommunication - Service  Provider
BHEL,Unknown
BIGBLOC,Unknown
BIKAJI,Unknown
BIKEWO,Automobiles - Dealers & Distributors
BIL,Agriculture
BILVYAPAR,Diversified
BIOCON,Unknown
BIOFILCHEM,Pharmaceuticals & Drugs
BIRDYS,Unknown
BIRET,Unknown
BIRLACABLE,Unknown
BIRLACORPN,Unknown
BIRLAMONEY,Unknown
BIRLANU,Unknown
BLACKBUCK,Unknown
BLAL,Unknown
BLBLIMITED,Unknown
BLISSGVS,Unknown
BLKASHYAP,Unknown
BLS,Professional Services
BLSE,Professional Services
BLUECOAST,Unknown
BLUEDART,Courier  Services
BLUEJET,Unknown
BLUEPEBBLE,Engineering Consultancy
BLUESTARCO,Air Conditioners
BLUEWATER,Aquaculture
BLUSPRING,Unknown
BMETRICS,Unknown
BODALCHEM,Pharmaceuticals & Drugs
BOHRAIND,Unknown
BOMDYEING,Unknown
BORANA,Unknown
BOROLTD,Unknown
BORORENEW,Unknown
BOROSCI,Unknown
BOSCHLTD,Auto Ancillary
BOSS,Unknown
BPCL,Refineries
BPL,Unknown
BRACEPORT,Unknown
BRIGADE,Unknown
BRIGHOTEL,Unknown
BRITANNIA,Consumer Food
BRNL,Unknown
BROOKS,Unknown
BSE,Finance - Others
BSE500IETF,Finance - Others
BSHSL,Unknown
BSL,Unknown
BSLGOLDETF,Unknown
BSLNIFTY,Bank - Public
BSLSENETFG,Unknown
BSOFT,Unknown
BTML,Unknown
BULKCORP,Unknown
BUTTERFLY,Unknown
BVCL,Unknown
BYKE,Unknown
C2C,Defence
CADSYS,BPO/ITeS
CALSOFT,Unknown
CALSOFTPP,Unknown
CAMLINFINE,Unknown
CAMPUS,Footwear
CAMS,Unknown
CANARYS,Unknown
CANBK,Unknown
CANFINHOME,Finance - Housing
CANTABIL,Unknown
CAPACITE,Unknown
CAPINVIT,Unknown
CAPITALSFB,Unknown
CAPLIPOINT,Unknown
CAPTRUST,Unknown
CARBORUNIV,Unknown
CARERATING,Ratings
CARRARO,Unknown
CARTRADE,Automobiles - Dealers & Distributors
CARYSIL,Unknown
CASHIETF,Unknown
CASTROLIND,Lubricants
CBAZAAR,Unknown
CCCL,Unknown
CCHHL,Unknown
CCL,Tea/Coffee
CDSL,Unknown
CEATLTD,Tyres & Allied
CEDAAR,Unknown
CEIGALL,Unknown
CELEBRITY,Unknown
CELLECOR,Unknown
CELLO,Unknown
CELLPOINT,Textile
CENTENKA,Unknown
CENTEXT,Unknown
CENTRALBK,Unknown
CENTRUM,Unknown
CENTUM,Unknown
CENTURYPLY,Wood & Wood Products
CERA,Ceramics/Marble/Granite/Sanitaryware
CEREBRAINT,Unknown
CESC,Consumer Durables - Domestic Appliances
CEWATER,Unknown
CGCL,Unknown
CGPOWER,Unknown
CGRAPHICS,Unknown
CHALET,"Hotel, Resort & Restaurants"
CHAMBLFERT,Unknown
CHAMUNDA,Unknown
CHANDAN,Hospital & Healthcare Services
CHAVDA,Unknown
CHEMBOND,Pharmaceuticals & Drugs
CHEMBONDCH,Pharmaceuticals & Drugs
CHEMCON,Pharmaceuticals & Drugs
CHEMFAB,Pharmaceuticals & Drugs
CHEMPLASTS,Pharmaceuticals & Drugs
CHENNPETRO,Unknown
CHETANA,Unknown
CHEVIOT,Unknown
CHOICEIN,Unknown
CHOLAFIN,Unknown
CHOLAHLDNG,Unknown
CIEINDIA,Industrial  Gases & Fuels
CIFL,Unknown
CIGNITITEC,Telecommunication - Equipment
CINELINE,Unknown
CINEVISTA,Unknown
CIPLA,Pharmaceuticals & Drugs
CLEAN,Unknown
CLEDUCATE,Unknown
CLSEL,Unknown
CLSL,Unknown
CMNL,Unknown
CMRSL,Unknown
CMSINFO,Business Support
COALINDIA,Mining & Minerals
COASTCORP,Unknown
COCHINSHIP,Ship Building
COFFEEDAY,Restaurants
COFORGE,Unknown
COHANCE,Unknown
COLPAL,Unknown
COMMOIETF,Unknown
COMPUSOFT,Unknown
COMSYN,Unknown
CONCOR,Environmental Services
CONCORDBIO,Unknown
CONFIPET,Unknown
CONS,Cement & Construction Materials
CONSOFINVT,Unknown
CONSUMBEES,Unknown
CONSUMER,Consumer Durables - Electronics
CONSUMIETF,Unknown
CONTI,Refineries
CONTROLPR,IT - Hardware
COOLCAPS,Unknown
CORALFINAC,Unknown
CORDSCABLE,Unknown
COROMANDEL,Fertilizers
COSMOFIRST,Unknown
COUNCODOS,Unknown
CPCAP,Educational Institutions
CPPLUS,Unknown
CPS,Unknown
CPSEETF,Unknown
CRAFTSMAN,Unknown
CREATIVE,Unknown
CREATIVEYE,Unknown
CREDITACC,Cement & Construction Materials
CREST,Unknown
CRISIL,Ratings
CRIZAC,Educational Institutions
CROMPTON,Unknown
CROWN,Unknown
CSBBANK,Bank - Private
CSLFINANCE,Finance - Stock Broking
CTE,Compressors / Pumps
CUB,Unknown
CUBEXTUB,Unknown
CUDML,Unknown
CUMMINSIND,Diesel Engines
CUPID,Unknown
CURAA,Unknown
CYBERMEDIA,Printing And Publishing
CYBERTECH,Plastic Products
CYIENT,Unknown
CYIENTDLM,Unknown
DABUR,Household & Personal Products
DALBHARAT,Unknown
DALMIASUG,Unknown
DAMCAPITAL,Unknown
DAMODARIND,Unknown
DANGEE,Electrodes & Welding Equipment
DANISH,Unknown
DATAMATICS,Unknown
DATAPATTNS,Unknown
DAVANGERE,Unknown
DBCORP,Printing And Publishing
DBEIL,Unknown
DBL,Breweries & Distilleries
DBOL,Unknown
DBREALTY,Unknown
DBSTOCKBRO,Unknown
DCAL,Unknown
DCBBANK,Bank - Public
DCCL,Unknown
DCG,Cable
DCI,Telecommunication - Equipment
DCM,Diversified
DCMFINSERV,Unknown
DCMNVL,Unknown
DCMSHRIRAM,Diversified
DCMSRIND,Power Generation/Distribution
DCW,Unknown
DCXINDIA,Industrial  Gases & Fuels
DDEVPLSTIK,Unknown
DECCANCE,Unknown
DECCANTRAN,Shipping
DEEDEV,Unknown
DEEM,Unknown
DEEPAKFERT,Unknown
DEEPAKNTR,Unknown
DEEPINDS,Unknown
DELAPLEX,Unknown
DELHIVERY,Logistics
DELPHIFX,Unknown
DELTACORP,Miscellaneous
DELTAMAGNT,Unknown
DELTIC,Unknown
DEN,Amusement Parks/Recreation/Club
DENEERS,Unknown
DENORA,Unknown
DENTA,Medical Equipment/Supplies/Accessories
DENTALKART,Unknown
DESTINY,Unknown
DEVIT,Laminates/Decoratives
DEVYANI,Unknown
DGCONTENT,Unknown
DHAMPURSUG,Sugar
DHANBANK,Bank - Private
DHANI,Unknown
DHANLAXMI,Unknown
DHANUKA,Unknown
DHARAN,Unknown
DHARIWAL,Unknown
DHARMAJ,Unknown
DHRUV,Unknown
DHTL,Unknown
DHUNINV,Unknown
DIACABS,Unknown
DIAMINESQ,Unknown
DIAMONDYD,Unknown
DICIND,Unknown
DIFFNKG,Unknown
DIGIDRIVE,Unknown
DIGIKORE,Unknown
DIGISPICE,Unknown
DIGITIDE,Telecommunication - Equipment
DIGJAMLMTD,Textile - Weaving
DIL,Breweries & Distilleries
DISHTV,Unknown
DIVGIITTS,Unknown
DIVINEHIRA,Unknown
DIVISLAB,Pharmaceuticals & Drugs
DIVOPPBEES,Unknown
DIVYADHAN,Textile - Manmade  Fibres
DIXON,Consumer Durables - Electronics
DJML,Unknown
DLF,Construction - Real Estate
DLINKINDIA,IT - Networking
DMART,Unknown
DMCC,Unknown
DNAMEDIA,Unknown
DODLA,Unknown
DOLATALGO,Unknown
DOLLAR,Unknown
DOLLEX,Unknown
DOLPHIN,Oil Exploration
DOMS,Printing & Stationery
DONEAR,Unknown
DPABHUSHAN,Diamond  &  Jewellery
DPEL,Unknown
DPSCLTD,Unknown
DPWIRES,Unknown
DRCSYSTEMS,Unknown
DREAMFOLKS,Airport Management Services
DREDGECORP,Unknown
DRONE,Unknown
DRREDDY,Pharmaceuticals & Drugs
DSSL,Unknown
DTIL,Construction Vehicles
DUCOL,Paints
DUCON,Unknown
DURLAX,Ceramics/Marble/Granite/Sanitaryware
DVL,Unknown
DWARKESH,Unknown
DYCL,Unknown
DYNAMATECH,Plastic Products
DYNAMIC,Defence
DYNPRO,Unknown
E2E,IT - Hardware
EASEMYTRIP,Unknown
EBANKNIFTY,Bank - Public
EBBETF0430,Unknown
EBBETF0431,Unknown
EBBETF0433,Unknown
EBGNG,Unknown
ECAPINSURE,Unknown
ECLERX,BPO/ITeS
ECOSMOBLTY,Unknown
EDELWEISS,Unknown
EEPL,Packaging
EFACTOR,TV Broadcasting & Software Production
EFFWA,Unknown
EFORCE,Unknown
EGOLD,Unknown
EICHERMOT,Automobile Two & Three Wheelers
EIDPARRY,Unknown
EIEL,Solvent  Extraction
EIFFL,Unknown
EIHAHOTELS,"Hotel, Resort & Restaurants"
EIHOTEL,"Hotel, Resort & Restaurants"
EIMCOELECO,Unknown
EKC,Unknown
ELDEHSG,Unknown
ELECON,Engineering - Industrial Equipments
ELECTCAST,Unknown
ELECTHERM,Unknown
ELGIEQUIP,Compressors / Pumps
ELGIRUBCO,Unknown
ELGNZ,Unknown
ELIN,Auto Ancillary
ELLEN,Industrial  Gases & Fuels
EMAMILTD,Household & Personal Products
EMAMIPAP,Household & Personal Products
EMAMIREAL,Household & Personal Products
EMAPARTNER,Unknown
EMBASSY,Unknown
EMBDL,Unknown
EMCURE,Unknown
EMIL,Textile - Weaving
EMKAY,Finance - Stock Broking
EMKAYTOOLS,Unknown
EMMBI,Unknown
EMMIL,Unknown
EMSLIMITED,Unknown
EMUDHRA,Unknown
EMULTIMQ,Unknown
ENDURANCE,Auto Ancillary
ENERGYDEV,Unknown
ENFUSE,e-Commerce
ENGINERSIN,Unknown
ENIL,Unknown
ENRIN,Unknown
ENSER,Unknown
ENTERO,Unknown
ENVIRO,Environmental Services
EPACK,Air Conditioners
EPIGRAL,Unknown
EPL,Packaging
EQUAL200,Unknown
EQUAL50,Unknown
EQUAL50ADD,Unknown
EQUIPPP,Unknown
EQUITASBNK,Unknown
ERIS,Agriculture
ESABINDIA,Electrodes & Welding Equipment
ESAFSFB,Unknown
ESCONET,Unknown
ESCORTS,Automobiles-Tractors
ESFL,Unknown
ESG,Finance - Stock Broking
ESILVER,Unknown
ESPRIT,Unknown
ESSARSHPNG,Unknown
ESSENTIA,Textile
ESTER,Laminates/Decoratives
ETERNAL,e-Commerce
ETHOSLTD,Unknown
ETL,Industrial  Gases & Fuels
ETML,Unknown
EUREKAFORB,Consumer Durables - Domestic Appliances
EUROBOND,Unknown
EUROTEXIND,Unknown
EVEREADY,Batteries
EVERESTIND,Cement & Construction Materials
EVIETF,Unknown
EVINDIA,Industrial  Gases & Fuels
EXCEL,Unknown
EXCELINDUS,Unknown
EXCELLENT,Unknown
EXICOM,Unknown
EXIDEIND,Batteries
EXPLEOSOL,Unknown
EXXARO,Unknown
FACT,Detergents & Soaps
FAIRCHEMOR,Pharmaceuticals & Drugs
FALCONTECH,Plastic Products
FAZE3Q,Unknown
FCL,Insurance
FCSSOFT,Unknown
FDC,Unknown
FEDERALBNK,Auto Ancillary
FEDFINA,Unknown
FEL,Electric Equipment
FELDVR,Unknown
FELIX,Unknown
FIBERWEB,Unknown
FIDEL,Finance - Others
FIEMIND,Unknown
FILATEX,Textile - Spinning
FILATFASH,Unknown
FINCABLES,Unknown
FINEORG,Unknown
FINIETF,Unknown
FINOPB,Unknown
FINPIPE,Unknown
FIRSTCRY,Unknown
FISCHER,Unknown
FIVESTAR,Unknown
FLAIR,Printing & Stationery
FLEXITUFF,Unknown
FLUOROCHEM,Chemicals
FLYSBS,Airlines
FMCGIETF,Unknown
FMGOETZE,Unknown
FMNL,Unknown
FOCUS,Business Support
FONEBOX,Retailing
FOODSIN,Unknown
FORCAS,Unknown
FORCEMOT,Automobiles-Trucks/Lcv
FORTIS,Unknown
FOSECOIND,Unknown
FRESHARA,Agriculture
FROG,Telecommunication - Equipment
FSL,Unknown
FUSION,Electrodes & Welding Equipment
FUSIONPP,Unknown
GABRIEL,Auto Ancillary
GAEL,Unknown
GAIL,Industrial  Gases & Fuels
GAJANAND,Unknown
GALAPREC,Finance Term Lending
GALAXYSURF,Household & Personal Products
GALLANTT,Steel & Iron Products
GANDHAR,Lubricants
GANDHITUBE,Unknown
GANECOS,Unknown
GANESHBE,Chemicals
GANESHHOUC,Unknown
GANESHIN,Unknown
GANGABATH,Unknown
GANGAFORGE,Unknown
GANGESSECU,Unknown
GARFIBRES,Unknown
GARUDA,Unknown
GATECH,Plastic Products
GATECHDVR,Plastic Products
GATEWAY,Logistics
GAYAHWS,Unknown
GAYAPROJ,Unknown
GCHOTELS,Unknown
GEECEE,Electrodes & Welding Equipment
GEEKAYWIRE,Electrodes & Welding Equipment
GENCON,Unknown
GENESYS,Unknown
GENUSPAPER,Unknown
GENUSPOWER,Unknown
GEOJITFSL,Unknown
GEPIL,Unknown
GESHIP,Shipping
GFLLIMITED,Unknown
GGBL,Unknown
GHCL,Chemicals
GHCLTEXTIL,Chemicals
GICHSGFIN,Unknown
GICL,Unknown
GICRE,Unknown
GILLANDERS,Unknown
GILLETTE,Unknown
GILT5YBEES,Unknown
GINNIFILA,Textile - Spinning
GIPCL,Unknown
GIRIRAJ,Unknown
GKWLIMITED,Unknown
GLAND,Unknown
GLAXO,Unknown
GLENMARK,Unknown
GLFL,Unknown
GLOBAL,Airlines
GLOBALE,Educational Institutions
GLOBALPET,Unknown
GLOBALVECT,Airlines
GLOBE,Airlines
GLOBECIVIL,Unknown
GLOBUSSPR,Unknown
GLOSTERLTD,Unknown
GMBREW,Unknown
GMDCLTD,Mining & Minerals
GMMPFAUDLR,Unknown
GMRAIRPORT,Airport Management Services
GMRP&UI,Unknown
GNA,Castings/Forgings
GNFC,Unknown
GOACARBON,Carbon Black
GOCLCORP,Unknown
GOCOLORS,Unknown
GODAVARIB,Unknown
GODFRYPHLP,Unknown
GODHA,Unknown
GODIGIT,Insurance
GODREJAGRO,Animal Feed
GODREJCP,Unknown
GODREJIND,Unknown
GODREJPROP,Construction - Real Estate
GOENKA,Diamond  &  Jewellery
GOKEX,Unknown
GOKUL,Edible Oil
GOKULAGRO,Edible Oil
GOLD1,Unknown
GOLD360,Unknown
GOLDBEES,Unknown
GOLDCASE,Unknown
GOLDENTOBC,Unknown
GOLDETF,Unknown
GOLDETFADD,Unknown
GOLDIAM,Unknown
GOLDIETF,Unknown
GOLDSHARE,Unknown
GOLDSTAR,Batteries
GOLDTECH,Plastic Products
GOODLUCK,Unknown
GOPAL,Trading
GOYALALUM,Unknown
GOYALSALT,Unknown
GPECO,Unknown
GPIL,Unknown
GPPL,Unknown
GPTHEALTH,Hospital & Healthcare Services
GPTINFRA,Unknown
GRANULES,Unknown
GRAPHISAD,Miscellaneous
GRAPHITE,Electrodes & Welding Equipment
GRASIM,Diversified
GRAVITA,Metal - Non Ferrous
GREAVESCOT,Diesel Engines
GREENCHEF,Consumer Durables - Domestic Appliances
GREENLAM,Laminates/Decoratives
GREENPANEL,Wood & Wood Products
GREENPLY,Wood & Wood Products
GREENPOWER,Unknown
GRINDWELL,Abrasives
GRINFRA,Engineering - Construction
GRMOVER,Unknown
GROBTEA,Unknown
GROWWDEFNC,Unknown
GROWWEV,Unknown
GROWWGOLD,Unknown
GROWWLIQID,Unknown
GROWWLOVOL,Unknown
GROWWMOM50,Unknown
GROWWN200,Unknown
GROWWNET,Unknown
GROWWNIFTY,Bank - Public
GROWWPOWER,Unknown
GROWWRAIL,Unknown
GROWWSLVR,Unknown
GRPLTD,Rubber  Products
GRSE,Unknown
GRWRHITECH,Plastic Products
GSEC10IETF,Unknown
GSEC10YEAR,Unknown
GSEC5IETF,Unknown
GSFC,Fertilizers
GSLSU,Unknown
GSMFOILS,Unknown
GSPL,Unknown
GSS,Bearings
GTECJAINX,Unknown
GTL,Telecommunication - Service  Provider
GTLINFRA,Telecom-Infrastructure
GTPL,TV Broadcasting & Software Production
GUFICBIO,Unknown
GUJALKALI,Unknown
GUJAPOLLO,Unknown
GUJGASLTD,Unknown
GUJRAFFIA,Unknown
GUJTHEM,Unknown
GULFOILLUB,Lubricants
GULFPETRO,Unknown
GULPOLY,Unknown
GVKPIL,Unknown
GVPTECH,Plastic Products
GVPTECHPP,Plastic Products
GVT&D,Unknown
HAL,BPO/ITeS
HAPPSTMNDS,Unknown
HAPPYFORGE,Unknown
HARDWYN,Aluminium & Aluminium Products
HARIOMPIPE,Unknown
HARRMALAYA,Unknown
HARSHA,Unknown
HATHWAY,TV Broadcasting & Software Production
HATSUN,Unknown
HAVELLS,Electric Equipment
HAVISHA,"Hotel, Resort & Restaurants"
HBLENGINE,Batteries
HBSL,Unknown
HCC,Unknown
HCG,Unknown
HCL-INSYS,Unknown
HCLTECH,IT - Software
HDBFS,Unknown
HDFCAMC,Unknown
HDFCBANK,Bank - Private
HDFCBSE500,Finance - Others
HDFCGOLD,Unknown
HDFCGROWTH,Unknown
HDFCLIFE,Insurance
HDFCLIQUID,Unknown
HDFCLOWVOL,Unknown
HDFCMID150,Cable
HDFCMOMENT,Unknown
HDFCNEXT50,Unknown
HDFCNIF100,Unknown
HDFCNIFBAN,Unknown
HDFCNIFIT,Unknown
HDFCNIFTY,Bank - Public
HDFCPSUBK,Unknown
HDFCPVTBAN,Unknown
HDFCQUAL,Unknown
HDFCSENSEX,Unknown
HDFCSILVER,Unknown
HDFCSML250,Unknown
HDFCVALUE,Unknown
HDIL,Unknown
HEADSUP,Unknown
HEALTHADD,Unknown
HEALTHIETF,Unknown
HEALTHY,Unknown
HECPROJECT,Unknown
HEG,Electrodes & Welding Equipment
HEIDELBERG,Unknown
HEMIPROP,Unknown
HERANBA,Pesticides & Agrochemicals
HERCULES,Unknown
HERITGFOOD,Unknown
HEROMOTOCO,Automobile Two & Three Wheelers
HESTERBIO,Unknown
HEUBACHIND,Unknown
HEXATRADEX,Unknown
HEXT,Unknown
HFCL,Telecom-Infrastructure
HGINFRA,Unknown
HGS,Unknown
HIGREEN,Carbon Black
HIKAL,Unknown
HILTON,Forgings
HIMATSEIDE,Unknown
HINDALCO,Metal - Non Ferrous
HINDCOMPOS,Unknown
HINDCON,Unknown
HINDCOPPER,Unknown
HINDMOTORS,Unknown
HINDNATGLS,Unknown
HINDOILEXP,Batteries
HINDPETRO,Unknown
HINDUNILVR,Unknown
HINDWAREAP,Unknown
HINDZINC,Unknown
HIRECT,Finance Term Lending
HISARMETAL,Metal - Non Ferrous
HITECH,Auto Ancillary
HITECHCORP,Plastic Products
HITECHGEAR,Auto Ancillary
HLEGLAS,Unknown
HLVLTD,Unknown
HMAAGRO,Consumer Food
HMT,Unknown
HMVL,Unknown
HNDFDS,Unknown
HNGSNGBEES,Unknown
HOACFOODS,Unknown
HOLMARC,Unknown
HOMEFIRST,Finance - Housing
HONASA,Unknown
HONAUT,Unknown
HONDAPOWER,Unknown
HOVS,Unknown
HPAL,Unknown
HPIL,Unknown
HPL,Unknown
HRHNEXT,Unknown
HSCL,Unknown
HTMEDIA,Unknown
HUBTOWN,Unknown
HUDCO,Unknown
HUHTAMAKI,Packaging
HVAX,Engineering Consultancy
HYBRIDFIN,Unknown
HYUNDAI,Automobiles - Passenger Cars
IBLFL,Unknown
ICDSLTD,Unknown
ICEMAKE,Unknown
ICICIB22,Unknown
ICICIBANK,Bank - Private
ICICIGI,Unknown
ICICIPRULI,Unknown
ICIL,Insurance
ICRA,Ratings
IDBI,Bank - Private
IDEA,Defence
IDEAFORGE,Defence
IDEALTECHO,Plastic Products
IDENTICAL,Unknown
IDFCFIRSTB,Unknown
IDFNIFTYET,Bank - Public
IEL,Solvent  Extraction
IEML,Unknown
IEX,Unknown
IFBAGRO,Breweries & Distilleries
IFBIND,Consumer Durables - Electronics
IFCI,Finance Term Lending
IFGLEXPOR,Unknown
IGARASHI,Electric Equipment
IGCL,Unknown
IGIL,IT - Hardware
IGL,Engineering - Industrial Equipments
IGPL,Unknown
IIFL,Finance - Stock Broking
IIFLCAPS,Unknown
IITL,Unknown
IKIO,Unknown
IKS,Dyes & Pigments
IL&FSENGG,Unknown
IL&FSTRANS,Unknown
IMAGICAA,Amusement Parks/Recreation/Club
IMFA,Unknown
IMPAL,Unknown
IMPEXFERRO,Ferro & Silica Manganese
INCREDIBLE,Unknown
INDBANK,Bank - Public
INDGN,Unknown
INDHOTEL,Unknown
INDIACEM,Industrial  Gases & Fuels
INDIAGLYCO,Chemicals
INDIAMART,e-Commerce
INDIANB,Bank - Private
INDIANCARD,Industrial  Gases & Fuels
INDIANHUME,Industrial  Gases & Fuels
INDIASHLTR,Industrial  Gases & Fuels
INDIGO,Paints
INDIGOPNTS,Unknown
INDIGRID,Unknown
INDIQUBE,Unknown
INDNIPPON,Unknown
INDOAMIN,Batteries
INDOBORAX,Batteries
INDOCO,Batteries
INDOFARM,Automobiles-Tractors
INDORAMA,Batteries
INDOSTAR,Batteries
INDOTECH,Batteries
INDOTHAI,Batteries
INDOUS,Batteries
INDOWIND,Batteries
INDRAMEDCO,Unknown
INDSWFTLAB,Pharmaceuticals & Drugs
INDSWFTLTD,Unknown
INDTERRAIN,Unknown
INDUSINDBK,Unknown
INDUSINVIT,Unknown
INDUSTOWER,Telecommunication - Service  Provider
INFIBEAM,Fintech
INFIBPP,Unknown
INFINIUM,Unknown
INFLUX,Unknown
INFOBEAN,Unknown
INFOLLION,Unknown
INFRABEES,Unknown
INFRAIETF,Unknown
INFY,Unknown
INGERRAND,Unknown
INNOVACAP,Unknown
INNOVANA,Unknown
INOXGREEN,Unknown
INOXINDIA,Industrial  Gases & Fuels
INOXWI-RE,Unknown
INOXWIND,Unknown
INSECTICID,Pesticides & Agrochemicals
INSPIRE,Unknown
INSPIRISYS,Unknown
INTELLECT,Unknown
INTENTECH,Plastic Products
INTERARCH,Unknown
INTERNET,Unknown
INTLCONV,Unknown
INVENTURE,Unknown
IOB,Unknown
IOC,Mining & Minerals
IOLCP,Unknown
IONEXCHANG,Unknown
IPCALAB,Pharmaceuticals & Drugs
IPHL,Unknown
IPL,Miscellaneous
IRB,Engineering - Construction
IRBINVIT,Unknown
IRCON,Unknown
IRCTC,Travel Services
IREDA,Unknown
IRFC,Unknown
IRIS,Unknown
IRISDOREME,Unknown
IRMENERGY,Industrial  Gases & Fuels
ISFT,Unknown
ISGEC,Unknown
ISHAN,Engineering
ISHANCH,Unknown
IT,Agriculture
ITALIANE,Unknown
ITBEES,Unknown
ITC,Cigarettes/Tobacco
ITCHOTELS,"Hotel, Resort & Restaurants"
ITDC,Unknown
ITDCEM,Unknown
ITETF,Unknown
ITETFADD,Unknown
ITI,Telecommunication - Equipment
ITIETF,Telecommunication - Equipment
ITTL,Unknown
IVC,Unknown
IVP,Unknown
IVZINGOLD,Unknown
IVZINNIFTY,Bank - Public
IWARE,Aquaculture
IXIGO,Unknown
IZMO,Unknown
J&KBANK,Bank - Private
JAGRAN,Printing And Publishing
JAGSNPHARM,Unknown
JAIBALAJI,Steel/Sponge Iron/Pig Iron
JAICORPLTD,Unknown
JAINAM,Ferro & Silica Manganese
JAINIK,Unknown
JAIPURKURT,Unknown
JALAN,Unknown
JAMNAAUTO,Unknown
JASH,Unknown
JAYAGROGN,Unknown
JAYBARMARU,Unknown
JAYBEE,Unknown
JAYNECOIND,Unknown
JAYSREETEA,Unknown
JBCHEPHARM,Unknown
JBMA,Unknown
JCHAC,Unknown
JETFREIGHT,Unknown
JEYYAM,Unknown
JFLLIFE,Unknown
JGCHEM,Pharmaceuticals & Drugs
JHS,Household & Personal Products
JINDALPHOT,Unknown
JINDALPOLY,Plastic Products
JINDALSAW,Steel & Iron Products
JINDALSTEL,Unknown
JINDRILL,Unknown
JINDWORLD,Unknown
JIOFIN,Unknown
JISLDVREQS,Unknown
JISLJALEQS,Unknown
JITFINFRA,Unknown
JIWANRAM,Unknown
JKCEMENT,Cement & Construction Materials
JKIL,Unknown
JKLAKSHMI,Unknown
JKPAPER,Paper & Paper Products
JKTYRE,Tyres & Allied
JLHL,Unknown
JMA,Unknown
JMFINANCIL,Unknown
JNKINDIA,Industrial  Gases & Fuels
JOCIL,Unknown
JPASSOCIAT,Unknown
JPOLYINVST,Unknown
JPPOWER,Power Generation/Distribution
JSFB,Unknown
JSL,Unknown
JSLL,Unknown
JSWENERGY,Unknown
JSWHL,Unknown
JSWINFRA,Port
JSWSTEEL,Steel & Iron Products
JTEKTINDIA,Industrial  Gases & Fuels
JTLIND,Unknown
JUBLCPL,Unknown
JUBLFOOD,Unknown
JUBLINGREA,Unknown
JUBLPHARMA,Unknown
JUNIORBEES,Unknown
JUNIPER,Unknown
JUSTDIAL,Business Support
JWL,Unknown
JYOTHYLAB,Pharmaceuticals & Drugs
JYOTICNC,Electric Equipment
JYOTISTRUC,Electric Equipment
K2INFRA,Engineering - Construction
KABRAEXTRU,Unknown
KAJARIACER,Ceramics/Marble/Granite/Sanitaryware
KAKATCEM,Unknown
KALAMANDIR,Unknown
KALANA,Unknown
KALPATARU,Unknown
KALYANIFRG,Unknown
KALYANKJIL,Unknown
KAMATHOTEL,Unknown
KAMDHENU,Unknown
KAMOPAINTS,Unknown
KANANIIND,Unknown
KANDARP,Unknown
KANORICHEM,Pharmaceuticals & Drugs
KANPRPLA,Unknown
KANSAINER,Paints
KAPSTON,Unknown
KARMAENG,Unknown
KARNIKA,Unknown
KARURVYSYA,Unknown
KATARIA,Unknown
KAUSHALYA,Unknown
KAVDEFENCE,Unknown
KAYA,Unknown
KAYNES,Electronics - Components
KAYTEX,Unknown
KCEIL,Unknown
KCK,Unknown
KCP,Unknown
KCPSUGIND,Unknown
KDDL,Watches & Accessories
KDL,Unknown
KEC,Unknown
KECL,Unknown
KEEPLEARN,Packaging
KEI,Cable
KEL,Chemicals
KELLTONTEC,Unknown
KEN,Bearings
KERNEX,Unknown
KESORAMIND,Unknown
KEYFINSERV,Unknown
KFINTECH,Plastic Products
KHADIM,Footwear
KHAICHEM,Pharmaceuticals & Drugs
KHAITANLTD,Unknown
KHANDSE,Unknown
KHFM,Unknown
KICL,Unknown
KILITC-RE,Cigarettes/Tobacco
KILITCH,Cigarettes/Tobacco
KIMS,Unknown
KINGFA,Unknown
KIOCL,Mining & Minerals
KIRIINDUS,Dyes & Pigments
KIRLOSBROS,Unknown
KIRLOSENG,Unknown
KIRLOSIND,Unknown
KIRLPNU,Unknown
KITEX,Unknown
KKCL,Unknown
KKJEWELS,Unknown
KKVAPOW,Unknown
KLL,Unknown
KMEW,Unknown
KMSUGAR,Unknown
KNAGRI,Unknown
KNRCON,Unknown
KODYTECH,Plastic Products
KOHINOOR,Consumer Food
KOKUYOCMLN,Unknown
KOLTEPATIL,Construction Vehicles
KONSTELEC,Unknown
KONTOR,Unknown
KOPRAN,Unknown
KORE,Telecommunication - Service  Provider
KOTAKBANK,Bank - Public
KOTARISUG,Unknown
KOTHARIPET,Petrochemicals
KOTHARIPRO,Unknown
KOTYARK,Unknown
KPEL,Unknown
KPIGREEN,Unknown
KPIL,Unknown
KPITTECH,Plastic Products
KPRMILL,Textile
KRBL,Consumer Food
KREBSBIO,Bank - Public
KRIDHANINF,Unknown
KRISHANA,Unknown
KRISHCA,Unknown
KRISHIVAL,Unknown
KRISHNADEF,Unknown
KRITI,"Film Production, Distribution & Entertainment"
KRITIKA,"Film Production, Distribution & Entertainment"
KRITINUT,Telecommunication - Equipment
KRN,Unknown
KRONOX,Unknown
KROSS,Unknown
KRSNAA,Hospital & Healthcare Services
KRYSTAL,Professional Services
KSB,Compressors / Pumps
KSCL,Unknown
KSHITIJPOL,Telecommunication - Equipment
KSL,Auto Ancillary
KSOLVES,Unknown
KTKBANK,Bank - Public
KUANTUM,Paper & Paper Products
LAGNAM,Unknown
LAKPRE,Unknown
LAKSHYA,Unknown
LAL,Aluminium & Aluminium Products
LALPATHLAB,Hospital & Healthcare Services
LAMBODHARA,Unknown
LAMOSAIC,Unknown
LANCORHOL,Unknown
LANDMARK,Automobiles - Dealers & Distributors
LAOPALA,Glass
LASA,Unknown
LATENTVIEW,Unknown
LATTEYS,Compressors / Pumps
LAURUSLABS,Pharmaceuticals & Drugs
LAWSIKHO,Unknown
LAXMICOT,Unknown
LAXMIDENTL,Unknown
LAXMIINDIA,Industrial  Gases & Fuels
LCCINFOTEC,IT - Education
LEMERITE,Unknown
LEMONTREE,Unknown
LEXUS,Unknown
LFIC,Unknown
LGBBROSLTD,Unknown
LGHL,Unknown
LIBAS,Unknown
LIBERTSHOE,Unknown
LICHSGFIN,Unknown
LICI,Unknown
LICMFGOLD,Unknown
LICNETFGSC,Unknown
LICNETFN50,Unknown
LICNETFSEN,Unknown
LICNFNHGP,Unknown
LICNMID100,Unknown
LIKHITHA,Unknown
LINC,Printing & Stationery
LINCOLN,Printing & Stationery
LINDEINDIA,Industrial  Gases & Fuels
LIQGRWBEES,Unknown
LIQUID,Unknown
LIQUID1,Unknown
LIQUIDADD,Unknown
LIQUIDBEES,Unknown
LIQUIDBETF,Unknown
LIQUIDCASE,Unknown
LIQUIDETF,Unknown
LIQUIDIETF,Unknown
LIQUIDPLUS,Unknown
LIQUIDSBI,Bank - Public
LIQUIDSHRI,Unknown
LLOYDS,Steel/Sponge Iron/Pig Iron
LLOYDSENGG,Unknown
LLOYDSENPP,Unknown
LLOYDSENT,Unknown
LLOYDSME,Steel/Sponge Iron/Pig Iron
LMW,Textile - Machinery
LODHA,Construction - Real Estate
LOKESHMACH,Unknown
LORDSCHLO,"Hotel, Resort & Restaurants"
LOTUSDEV,Unknown
LOTUSEYE,Unknown
LOVABLE,Unknown
LOWVOL,Unknown
LOWVOL1,Unknown
LOWVOLIETF,Unknown
LOYALTEX,Unknown
LPDC,Unknown
LRRPL,Unknown
LT,Agriculture
LTF,Unknown
LTFOODS,Unknown
LTGILTBEES,Unknown
LTIM,Defence
LTTS,Unknown
LUMAXIND,Unknown
LUMAXTECH,Plastic Products
LUPIN,Pharmaceuticals & Drugs
LUXIND,Unknown
LXCHEM,Pharmaceuticals & Drugs
LYKALABS,Pharmaceuticals & Drugs
LYPSAGEMS,Unknown
M&M,Unknown
M&MFIN,Unknown
MAANALU,Unknown
MACOBSTECH,Plastic Products
MACPOWER,Unknown
MADHAV,Ceramics/Marble/Granite/Sanitaryware
MADHAVBAUG,Unknown
MADHUCON,Unknown
MADHUSUDAN,Unknown
MADRASFERT,Unknown
MAFANG,Unknown
MAGADSUGAR,Unknown
MAGNUM,Unknown
MAGSON,Unknown
MAHABANK,Bank - Public
MAHAPEXLTD,Unknown
MAHASTEEL,Unknown
MAHEPC,Unknown
MAHESHWARI,Unknown
MAHICKRA,Unknown
MAHKTECH,Plastic Products
MAHLIFE,Unknown
MAHLOG,Unknown
MAHLOG-RE,Unknown
MAHSCOOTER,Unknown
MAHSEAMLES,Unknown
MAITHANALL,Ferro & Silica Manganese
MAITREYA,Unknown
MAKEINDIA,Industrial  Gases & Fuels
MAL,Bank - Private
MALLCOM,Miscellaneous
MALUPAPER,Unknown
MAMATA,Unknown
MANAKALUCO,Unknown
MANAKCOAT,Unknown
MANAKSIA,Unknown
MANAKSTEEL,Unknown
MANALIPETC,Unknown
MANAPPURAM,Unknown
MANBA,Unknown
MANCREDIT,Textile
MANDEEP,Unknown
MANGALAM,Agriculture
MANGCHEFER,Unknown
MANGLMCEM,Unknown
MANINDS,Unknown
MANINFRA,Unknown
MANKIND,Unknown
MANOMAY,Textile - Weaving
MANORAMA,Solvent  Extraction
MANORG,Unknown
MANUGRAPH,Unknown
MANYAVAR,Unknown
MAPMYINDIA,Industrial  Gases & Fuels
MARALOVER,Unknown
MARATHON,Unknown
MARCO,Unknown
MARICO,Edible Oil
MARINE,Ship Building
MARKSANS,Pharmaceuticals & Drugs
MARUTI,Automobiles - Passenger Cars
MASFIN,Finance Term Lending
MASKINVEST,Finance - Investment
MASON,Unknown
MASPTOP50,Unknown
MASTEK,Unknown
MASTER,Trading
MASTERTR,Unknown
MATRIMONY,Unknown
MAWANASUG,Unknown
MAXESTATES,Unknown
MAXHEALTH,Hospital & Healthcare Services
MAXIND,Unknown
MAXPOSURE,Advertising & Media
MAXVOLT,Batteries
MAYASHEEL,Unknown
MAYURUNIQ,Unknown
MAZDA,Unknown
MAZDOCK,Unknown
MBAPL,Unknown
MBEL,Unknown
MBLINFRA,Unknown
MCL,Unknown
MCLEODRUSS,Unknown
MCLOUD,Unknown
MCON,Unknown
MCX,Unknown
MDL,Unknown
MEDANTA,Unknown
MEDIASSIST,Business Support
MEDICAMEQ,Unknown
MEDICO,Unknown
MEDIORG,Unknown
MEDPLUS,Unknown
MEGASOFT,Unknown
MEGASTAR,Unknown
MEGATHERM,Unknown
MENONBE,Bearings
MEP,Engineering - Construction
METAL,Metal - Non Ferrous
METALIETF,Metal - Non Ferrous
METROBRAND,Retailing
METROPOLIS,Unknown
MFML,Unknown
MFSL,Unknown
MGEL,Unknown
MGL,Unknown
MHHL,Unknown
MHLXMIRU,Unknown
MHRIL,Unknown
MICEL,Unknown
MICROPRO,Unknown
MID150,Unknown
MID150BEES,Unknown
MID150CASE,Unknown
MIDCAP,Diversified
MIDCAPETF,Unknown
MIDCAPIETF,Unknown
MIDHANI,Unknown
MIDQ50ADD,Unknown
MIDSELIETF,Unknown
MIDSMALL,Unknown
MIEL,Solvent  Extraction
MINDACORP,Unknown
MINDSPACE,Unknown
MINDTECK,Unknown
MIRCELECTR,Consumer Durables - Electronics
MIRZAINT,Footwear
MITCON,Cigarettes/Tobacco
MITTAL,"Film Production, Distribution & Entertainment"
MKPL,Unknown
MMEL,Unknown
MMFL,Unknown
MMP,Aluminium & Aluminium Products
MMTC,Unknown
MNC,Unknown
MOALPHA50,Unknown
MOBIKWIK,Fintech
MOCAPITAL,Unknown
MODEFENCE,Unknown
MODIRUBBER,Unknown
MODISONLTD,Unknown
MODTHREAD,Unknown
MOGOLD,Unknown
MOGSEC,Unknown
MOHEALTH,Unknown
MOHITIND,Telecommunication - Equipment
MOIL,Mining & Minerals
MOINFRA,Unknown
MOKSH,Unknown
MOL,Business Support
MOLDTECH,Plastic Products
MOLDTKPAC,Engineering Consultancy
MOLOWVOL,Unknown
MOM100,Unknown
MOM30IETF,Unknown
MOM50,Unknown
MOMENTUM,Unknown
MOMENTUM50,Unknown
MOMGF,Unknown
MOMIDMTM,Unknown
MOMOMENTUM,Unknown
MON100,Unknown
MON50EQUAL,Unknown
MONARCH,Engineering Consultancy
MONEXT50,Unknown
MONIFTY500,Bank - Public
MONOLITH,Refractories
MONOPHARMA,Unknown
MONQ50,Unknown
MONTECARLO,Unknown
MOPSE,Unknown
MOQUALITY,Unknown
MORARJEE,Textile - Weaving
MOREALTY,Unknown
MOREPENLAB,Pharmaceuticals & Drugs
MOS,Fintech
MOSCHIP,Unknown
MOSMALL250,Unknown
MOTHERSON,Auto Ancillary
MOTILALOFS,Construction Vehicles
MOTISONS,Unknown
MOTOGENFIN,Unknown
MOTOUR,Unknown
MOVALUE,Unknown
MOXSH,Unknown
MPHASIS,Professional Services
MPSLTD,Printing And Publishing
MRF,Tyres & Allied
MRPL,Refineries
MSCIINDIA,Industrial  Gases & Fuels
MSPL,Unknown
MSTCLTD,Trading
MSUMI,Unknown
MTARTECH,Plastic Products
MTEDUCARE,Educational Institutions
MTNL,Unknown
MUFIN,Unknown
MUFTI,Unknown
MUKANDLTD,Unknown
MUKKA,Animal Feed
MUKTAARTS,Unknown
MULTICAP,Unknown
MUNJALAU,Unknown
MUNJALSHOW,Unknown
MURUDCERA,Unknown
MUTHOOTCAP,Unknown
MUTHOOTFIN,Finance - NBFC
MUTHOOTMF,Unknown
MVGJL,Unknown
MVKAGRO,Sugar
MWL,Unknown
MYMUDRA,Unknown
NACLIND,Unknown
NAGAFERT,Unknown
NAGREEKCAP,Unknown
NAGREEKEXP,Unknown
NAHARCAP,Unknown
NAHARINDUS,Unknown
NAHARPOLY,Unknown
NAHARSPING,Unknown
NAM-INDIA,Industrial  Gases & Fuels
NAMAN,Household & Personal Products
NAMOEWASTE,Environmental Services
NARMADA,Unknown
NATCAPSUQ,Unknown
NATCOPHARM,Unknown
NATHBIOGEN,Agriculture
NATIONALUM,Batteries
NAUKRI,Unknown
NAVA,Unknown
NAVINFLUOR,Unknown
NAVKARCORP,Unknown
NAVKARURB,Unknown
NAVNETEDUL,Unknown
NAZARA,Unknown
NBCC,Construction - Real Estate
NBIFIN,Unknown
NCC,Engineering - Construction
NCLIND,Cement & Construction Materials
NDGL,Unknown
NDL,Wood & Wood Products
NDLVENTURE,Unknown
NDRAUTO,Unknown
NDTV,Unknown
NECCLTD,Unknown
NECLIFE,Unknown
NEELAM,Unknown
NELCAST,Castings/Forgings
NELCO,Unknown
NEOGEN,Unknown
NEPHROCARE,Unknown
NEPTUNE,Petrochemicals
NESCO,Engineering - Industrial Equipments
NESTLEIND,Consumer Food
NETF,Unknown
NETWEB,IT - Hardware
NETWORK18,TV Broadcasting & Software Production
NEULANDLAB,Pharmaceuticals & Drugs
NEWGEN,Unknown
NEWJAISA,Unknown
NEXT30ADD,Unknown
NEXT50,Unknown
NEXT50IETF,Unknown
NEXTMEDIA,Unknown
NFL,Unknown
NGIL,Unknown
NGLFINE,Pharmaceuticals & Drugs
NH,Agriculture
NHPC,Power Generation/Distribution
NIACL,Unknown
NIBE,Defence
NIBL,Unknown
NIDAN,Unknown
NIF100BEES,Unknown
NIF100IETF,Unknown
NIF10GETF,Unknown
NIF5GETF,Unknown
NIFITETF,Unknown
NIFMID150,Unknown
NIFTY1,Bank - Public
NIFTY100EW,Bank - Public
NIFTY50ADD,Bank - Public
NIFTYBEES,Bank - Public
NIFTYBETF,Bank - Public
NIFTYETF,Bank - Public
NIFTYIETF,Bank - Public
NIFTYQLITY,Bank - Public
NIITLTD,IT - Education
NIITMTS,Engineering
NIKITA,Unknown
NILAINFRA,Unknown
NILASPACES,Unknown
NILKAMAL,Unknown
NINSYS,Unknown
NIPPOBATRY,Unknown
NIRAJ,Diversified
NIRAJISPAT,Diversified
NIRMAN,Unknown
NITCO,Cigarettes/Tobacco
NITINSPIN,Telecommunication - Equipment
NITIRAJ,Telecommunication - Equipment
NIVABUPA,Insurance
NKIND,Edible Oil
NLCINDIA,Industrial  Gases & Fuels
NMDC,Mining & Minerals
NMSTEEL,Unknown
NOCIL,Unknown
NOIDATOLL,Unknown
NORBTEAEXP,Unknown
NORTHARC,Unknown
NOVAAGRI,Unknown
NPBET,Unknown
NPST,Textile
NRAIL,Finance Term Lending
NRBBEARING,Bearings
NRL,Unknown
NRVANDANA,Unknown
NSIL,Unknown
NSLNISP,Unknown
NTPC,Power Generation/Distribution
NTPCGREEN,Power Generation/Distribution
NUCLEUS,Unknown
NURECA,Finance Term Lending
NUVAMA,Finance - Others
NUVOCO,Unknown
NV20,Unknown
NV20BEES,Unknown
NV20IETF,Unknown
NXST,Unknown
NYKAA,Unknown
OAL,Ferro & Silica Manganese
OBCL,Unknown
OBEROIRLTY,Unknown
OBSCP,Unknown
OCCLLTD,Unknown
ODIGMA,Unknown
OFSS,Unknown
OIL,Aluminium & Aluminium Products
OILCOUNTUB,Unknown
OILIETF,Unknown
OLAELEC,Unknown
OLECTRA,Automobiles-Trucks/Lcv
OLIL,Unknown
OMAXAUTO,Unknown
OMAXE,Unknown
OMFURN,Unknown
OMINFRAL,Unknown
OMKARCHEM,Pharmaceuticals & Drugs
ONDOOR,Unknown
ONELIFECAP,Unknown
ONEPOINT,Unknown
ONESOURCE,Finance - Others
ONGC,Oil Exploration
ONMOBILE,Unknown
ONWARDTEC,Unknown
ONYX,Unknown
OPTIEMUS,Unknown
ORBTEXP,Unknown
ORCHASP,Unknown
ORCHPHARMA,Unknown
ORIANA,Unknown
ORICONENT,Unknown
ORIENTALTL,Unknown
ORIENTBELL,Unknown
ORIENTCEM,Unknown
ORIENTCER,Refractories
ORIENTELEC,Consumer Durables - Domestic Appliances
ORIENTHOT,Unknown
ORIENTLTD,Unknown
ORIENTPPR,Unknown
ORIENTTECH,Plastic Products
ORISSAMINE,Unknown
ORTEL,TV Broadcasting & Software Production
ORTINGLOBE,Unknown
OSELDEVICE,Medical Equipment/Supplies/Accessories
OSIAHYPER,Unknown
OSWALAGRO,Unknown
OSWALGREEN,Unknown
OSWALPUMPS,Printing And Publishing
OSWALSEEDS,Unknown
OWAIS,Ferro & Silica Manganese
PAGEIND,Textile
PAISALO,Unknown
PAKKA,Unknown
PALASHSECU,Unknown
PALREDTEC,Unknown
PANACEABIO,Pharmaceuticals & Drugs
PANACHE,IT - Hardware
PANAMAPET,Lubricants
PANSARI,Unknown
PAR,Amusement Parks/Recreation/Club
PARACABLES,Unknown
PARADEEP,Fertilizers
PARAGMILK,Unknown
PARAGON,Unknown
PARAMATRIX,Unknown
PARAS,Unknown
PARASPETRO,Unknown
PARIN,Unknown
PARKHOTELS,Unknown
PARSVNATH,Unknown
PARTYCRUS,Unknown
PASHUPATI,Unknown
PASUPTAC,Unknown
PATANJALI,Edible Oil
PATELENG,Unknown
PATILAUTOM,Construction Vehicles
PATINTLOG,Unknown
PATTECH,Plastic Products
PAVNAIND,Auto Ancillary
PAYTM,Unknown
PCBL,Carbon Black
PCCL,Unknown
PCJEWELLER,Diamond  &  Jewellery
PDMJEPAPER,Unknown
PDSL,Unknown
PEARLPOLY,Plastic Products
PEL,Electronics - Components
PELATRO,Unknown
PENIND,Unknown
PENINLAND,Unknown
PENTAGON,Unknown
PERSISTENT,Professional Services
PETRONET,Industrial  Gases & Fuels
PFC,Unknown
PFIZER,Unknown
PFOCUS,Unknown
PFS,Unknown
PGEL,Unknown
PGHH,Unknown
PGHL,Unknown
PGIL,Unknown
PGINVIT,Unknown
PHANTOMFX,Unknown
PHARMABEES,Unknown
PHOENIXLTD,Unknown
PHOGLOBAL,Unknown
PICCADIL,Breweries & Distilleries
PIDILITIND,Telecommunication - Equipment
PIGL,Unknown
PIIND,Pesticides & Agrochemicals
PILANIINVS,Unknown
PILITA,Unknown
PIONEEREMB,Unknown
PITTIENG,Engineering
PIXTRANS,Rubber  Products
PKTEA,Unknown
PLADAINFO,Unknown
PLASTIBLEN,Unknown
PLATIND,Unknown
PLAZACABLE,Unknown
PNB,Bank - Public
PNBGILTS,Bank - Public
PNBHOUSING,Bank - Public
PNC,Unknown
PNCINFRA,Unknown
PNGJL,Unknown
POCL,Metal - Non Ferrous
PODDARMENT,Unknown
POKARNA,Unknown
POLICYBZR,Unknown
POLYCAB,Cable
POLYMED,Medical Equipment/Supplies/Accessories
POLYPLEX,Unknown
POLYSIL,Unknown
PONNIERODE,Unknown
POONAWALLA,Unknown
POSITRON,Unknown
POWERGRID,Power Generation/Distribution
POWERINDIA,Engineering - Construction
POWERMECH,Unknown
PPAP,Auto Ancillary
PPL,Consumer Durables - Domestic Appliances
PPLPHARMA,Unknown
PPSL,Unknown
PRABHA,Diversified
PRAENG,Unknown
PRAJIND,Engineering - Industrial Equipments
PRAKASH,Dyes & Pigments
PRAKASHSTL,Unknown
PRAMARA,Unknown
PRANIK,Unknown
PRATHAM,Unknown
PRAXIS,Unknown
PRAXIS-RE2,Unknown
PRECAM,Finance Term Lending
PRECISION,Cable
PRECOT,Finance Term Lending
PRECWIRE,Finance Term Lending
PREMEXPLN,Unknown
PREMIER,Electronics - Components
PREMIERENE,Electronics - Components
PREMIERPOL,Unknown
PRESSTONIC,Unknown
PRESTIGE,Consumer Durables - Domestic Appliances
PRICOLLTD,Unknown
PRIMESECU,Unknown
PRIMO,Unknown
PRINCEPIPE,Unknown
PRITI,Telecommunication - Equipment
PRITIKA,Telecommunication - Equipment
PRITIKAUTO,Telecommunication - Equipment
PRIVISCL,Unknown
PRIZOR,Unknown
PRLIND,Unknown
PROFX,Unknown
PROPEQUITY,Unknown
PROSTARM,Unknown
PROTEAN,Unknown
PROV,Bank - Public
PROZONER,Unknown
PRSMJOHNSN,Unknown
PRUDENT,Finance - Others
PRUDMOULI,Unknown
PSB,Unknown
PSPPROJECT,Unknown
PSUBANK,Bank - Public
PSUBANKADD,Bank - Public
PSUBNKBEES,Unknown
PSUBNKIETF,Unknown
PTC,Castings/Forgings
PTCIL,Unknown
PTL,Unknown
PULZ,Unknown
PUNJABCHEM,Pesticides & Agrochemicals
PURPLEUTED,Unknown
PURVA,Unknown
PURVFLEXI,Unknown
PUSHPA,Diamond  &  Jewellery
PVP,Unknown
PVRINOX,Unknown
PVSL,Unknown
PVTBANIETF,Unknown
PVTBANKADD,Bank - Public
PYRAMID,Unknown
QFIL,Unknown
QGOLDHALF,Unknown
QMSMEDI,Unknown
QNIFTY,Bank - Public
QPOWER,Unknown
QUADFUTURE,Unknown
QUADPRO,BPO/ITeS
QUAL30IETF,Unknown
QUALITY30,Unknown
QUESS,BPO/ITeS
QUESTLAB,Pharmaceuticals & Drugs
QUICKHEAL,Unknown
QUICKTOUCH,IT - Software
QVCEL,Unknown
RACE,Unknown
RACLGEAR,Unknown
RADAAN,Unknown
RADHIKAJWE,Unknown
RADIANTCMS,Unknown
RADICO,Breweries & Distilleries
RADIOCITY,Unknown
RAILTEL,Telecommunication - Service  Provider
RAIN,BPO/ITeS
RAINBOW,Unknown
RAJESHEXPO,Unknown
RAJINDLTD,Unknown
RAJMET,Unknown
RAJOOENG,Unknown
RAJPUTANA,Finance - Investment
RAJRATAN,Unknown
RAJRILTD,Unknown
RAJSREESUG,Unknown
RAJTV,Unknown
RALLIS,Pesticides & Agrochemicals
RAMANEWS,Unknown
RAMAPHO,Unknown
RAMASTEEL,Unknown
RAMCOCEM,Unknown
RAMCOIND,Unknown
RAMCOSYS,Unknown
RAMKY,Unknown
RAMRAT,Unknown
RANASUG,Unknown
RANEHOLDIN,Unknown
RAPPID,Unknown
RATEGAIN,Unknown
RATNAMANI,Unknown
RATNAVEER,Unknown
RAYMOND,Textile - Weaving
RAYMONDLSL,Textile - Weaving
RAYMONDREL,Textile - Weaving
RBA,Animal Feed
RBLBANK,Bank - Private
RBMINFRA,Unknown
RBS,Unknown
RBZJEWEL,Unknown
RCDL,Unknown
RCF,Unknown
RCOM,Unknown
READYMIX,Unknown
RECLTD,Finance Term Lending
REDINGTON,Trading
REDTAPE,Unknown
REFEX,Industrial  Gases & Fuels
REFRACTORY,Refractories
REGENCERAM,Unknown
RELAXO,Footwear
RELCHEMQ,Pharmaceuticals & Drugs
RELIABLE,Unknown
RELIANCE,Refineries
RELIGARE,Unknown
RELINFRA,Unknown
RELTD,Unknown
REMSONSIND,Unknown
REMUS,Unknown
RENUKA,Unknown
REPCOHOME,Unknown
REPL,Packaging
REPRO,Printing And Publishing
RESPONIND,Unknown
RETAIL,Retailing
REXPIPES,Unknown
REXPRO,Unknown
RGL,Airlines
RHFL,Unknown
RHIM,Refractories
RHL,Unknown
RICOAUTO,Auto Ancillary
RIIL,Unknown
RILINFRA,Unknown
RISHABH,Steel & Iron Products
RITCO,Cigarettes/Tobacco
RITES,Engineering Consultancy
RKDL,Unknown
RKEC,Unknown
RKFORGE,Unknown
RKSWAMY,Unknown
RMDRIP,Unknown
RML,Finance Term Lending
RNFI,Fintech
RNPL,Unknown
ROCKINGDCE,Unknown
ROHLTD,Unknown
ROLEXRINGS,Bearings
ROLLT,Unknown
ROLTA,Unknown
ROML,Unknown
ROSSARI,Unknown
ROSSELLIND,Defence
ROSSTECH,Plastic Products
ROTO,Compressors / Pumps
ROUTE,Unknown
ROXHITECH,IT - Networking
ROYALARC,Electrodes & Welding Equipment
RPEL,Unknown
RPGLIFE,Unknown
RPOWER,Batteries
RPPINFRA,Unknown
RPPL,Unknown
RPSGVENT,Unknown
RPTECH,Plastic Products
RRKABEL,Cable
RSSOFTWARE,Unknown
RSWM,Unknown
RSYSTEMS,Unknown
RTL,IT - Networking
RTNINDIA,Industrial  Gases & Fuels
RTNPOWER,Unknown
RUBFILA,Rubber  Products
RUBYMILLS,Unknown
RUCHINFRA,Unknown
RUCHIRA,Unknown
RULKA,Unknown
RUPA,Chemicals
RUSHIL,Laminates/Decoratives
RUSTOMJEE,Unknown
RVHL,Unknown
RVNL,Unknown
RVTH,Unknown
S&SPOWER,Unknown
SAAKSHI,Unknown
SABAR,Unknown
SABEVENTS,Printing And Publishing
SABTNL,Unknown
SACHEEROME,Unknown
SADBHAV,Unknown
SADBHIN,Unknown
SADHAV,Unknown
SADHNANIQ,Unknown
SAFARI,Unknown
SAFEENTP,Unknown
SAGARDEEP,Unknown
SAGCEM,Unknown
SAGILITY,Business Support
SAH,Defence
SAHAJ,Unknown
SAHAJSOLAR,Unknown
SAHANA,Unknown
SAHASRA,Defence
SAHYADRI,Unknown
SAIL,Steel & Iron Products
SAILIFE,Steel & Iron Products
SAJHOTELS,Unknown
SAKAR,Unknown
SAKHTISUG,Unknown
SAKSOFT,Unknown
SAKUMA,Unknown
SALASAR,Unknown
SALONA,Unknown
SALSTEEL,Unknown
SALZERELEC,Unknown
SAMAY,Unknown
SAMBHAAV,Unknown
SAMBHV,Unknown
SAMHI,Unknown
SAMMAANCAP,Finance - Housing
SAMPANN,Unknown
SANATHAN,Textile - Spinning
SANDESH,Printing And Publishing
SANDHAR,Unknown
SANDUMA,Unknown
SANGAMIND,Unknown
SANGHIIND,Unknown
SANGHVIMOV,Construction Vehicles
SANGINITA,Unknown
SANOFI,Unknown
SANOFICONR,Unknown
SANSERA,Unknown
SANSTAR,Unknown
SANWARIA,Unknown
SAPPHIRE,Unknown
SARDAEN,Unknown
SAREGAMA,"Film Production, Distribution & Entertainment"
SARLAPOLY,Unknown
SARTELE,Unknown
SARVESHWAR,Unknown
SASKEN,Unknown
SASTASUNDR,Unknown
SATECH,Plastic Products
SATIA,Paper & Paper Products
SATIN,Unknown
SATIPOLY,Packaging
SATKARTAR,e-Commerce
SAURASHCEM,Unknown
SAVY,Unknown
SBC,Unknown
SBCL,Unknown
SBFC,Unknown
SBGLP,Unknown
SBIBPB,Bank - Public
SBICARD,Bank - Public
SBIETFCON,Bank - Public
SBIETFIT,Bank - Public
SBIETFPB,Bank - Public
SBIETFQLTY,Bank - Public
SBILIFE,Bank - Public
SBIN,Bank - Public
SBINEQWETF,Bank - Public
SBISILVER,Bank - Public
SCHAEFFLER,Bearings
SCHAND,Unknown
SCHNEIDER,Electric Equipment
SCI,Finance - Investment
SCILAL,Unknown
SCML,Unknown
SCODATUBES,Unknown
SCPL,Unknown
SDBL,Unknown
SDL26BEES,Unknown
SDREAMS,Unknown
SEAMECLTD,Shipping
SECMARK,Unknown
SECURKLOUD,Unknown
SEJALLTD,Unknown
SEL,Wood & Wood Products
SELAN,Oil Exploration
SELECTIPO,Unknown
SELLOWRAP,Unknown
SELMC,Unknown
SEMAC,Unknown
SENCO,Diamond  &  Jewellery
SENORES,Unknown
SENSEXADD,Unknown
SENSEXETF,Unknown
SENSEXIETF,Unknown
SEPC,Unknown
SEPCPP,Unknown
SEQUENT,Unknown
SERVOTECH,Plastic Products
SESHAPAPER,Unknown
SETCO,Unknown
SETF10GILT,Unknown
SETFGOLD,Unknown
SETFNIF50,Unknown
SETFNIFBK,Unknown
SETFNN50,Unknown
SETUINFRA,Unknown
SEYAIND,Unknown
SFL,Unknown
SFML,Unknown
SGBAPR28I,Unknown
SGBAUG27,Unknown
SGBAUG28V,Unknown
SGBAUG29V,Unknown
SGBAUG30,Unknown
SGBD29VIII,Unknown
SGBDC27VII,Unknown
SGBDE30III,Unknown
SGBDE31III,Unknown
SGBDEC25,Unknown
SGBDEC2512,Unknown
SGBDEC26,Unknown
SGBFEB27,Unknown
SGBFEB28IX,Unknown
SGBFEB29XI,Unknown
SGBFEB32IV,Unknown
SGBJ28VIII,Unknown
SGBJAN26,Unknown
SGBJAN27,Unknown
SGBJAN29IX,Unknown
SGBJAN29X,Unknown
SGBJAN30IX,Unknown
SGBJU29III,Unknown
SGBJUL27,Unknown
SGBJUL28IV,Unknown
SGBJUL29IV,Unknown
SGBJUN27,Unknown
SGBJUN28,Unknown
SGBJUN29II,Unknown
SGBJUN30,Unknown
SGBJUN31I,Unknown
SGBMAR28X,Unknown
SGBMAR30X,Unknown
SGBMAR31IV,Unknown
SGBMAY26,Unknown
SGBMAY28,Unknown
SGBMAY29I,Unknown
SGBMR29XII,Unknown
SGBN28VIII,Unknown
SGBNOV25,Unknown
SGBNOV258,Unknown
SGBNOV25IX,Unknown
SGBNOV26,Unknown
SGBNV29VII,Unknown
SGBOC28VII,Unknown
SGBOCT25,Unknown
SGBOCT25IV,Unknown
SGBOCT25V,Unknown
SGBOCT26,Unknown
SGBOCT27,Unknown
SGBSEP27,Finance - Others
SGBSEP28VI,Finance - Others
SGBSEP29VI,Finance - Others
SGBSEP31II,Finance - Others
SGFIN,Finance - Housing
SGIL,Unknown
SGL,Photographic Products
SGLTL,Unknown
SHAH,Chemicals
SHAHALLOYS,Unknown
SHAILY,Unknown
SHAKTIPUMP,Compressors / Pumps
SHALBY,Unknown
SHALPAINTS,Unknown
SHANKARA,Unknown
SHANTI,Retailing
SHANTIGEAR,Unknown
SHANTIGOLD,Unknown
SHARDACROP,Pesticides & Agrochemicals
SHARDAMOTR,Unknown
SHAREINDIA,Industrial  Gases & Fuels
SHARIABEES,Unknown
SHEETAL,Unknown
SHEKHAWATI,Unknown
SHEMAROO,Unknown
SHERA,Unknown
SHILPAMED,Unknown
SHIVALIK,Unknown
SHIVAMAUTO,Unknown
SHIVAMILLS,Unknown
SHIVATEX,Unknown
SHK,Chemicals
SHKSIL,Unknown
SHOPERSTOP,Unknown
SHRADHA,Unknown
SHREDIGCEM,Unknown
SHREECEM,Cement & Construction Materials
SHREEKARNI,Unknown
SHREEOSFM,Miscellaneous
SHREEPUSHK,Dyes & Pigments
SHREERAMA,Unknown
SHRENIK,Unknown
SHREYANIND,Unknown
SHRIAHIMSA,Unknown
SHRIPISTON,Unknown
SHRIRAMFIN,Finance - Asset Management
SHRIRAMPPS,Finance - Asset Management
SHRITECH,Plastic Products
SHUBHSHREE,Miscellaneous
SHYAMCENT,Ferro & Silica Manganese
SHYAMMETL,Unknown
SHYAMTEL,Unknown
SICALLOG,Unknown
SIDDHIKA,Unknown
SIEMENS,Electric Equipment
SIGACHI,Unknown
SIGIND,Unknown
SIGMA,Unknown
SIGNATURE,Solvent  Extraction
SIGNPOST,Advertising & Media
SIKKO,Pesticides & Agrochemicals
SIL,Consumer Durables - Domestic Appliances
SILGO,Unknown
SILINV,Unknown
SILKY,Unknown
SILLYMONKS,Unknown
SILVER,Unknown
SILVER1,Unknown
SILVER360,Unknown
SILVERADD,Unknown
SILVERBEES,Unknown
SILVERCASE,Unknown
SILVERETF,Unknown
SILVERIETF,Unknown
SILVERTUC,Unknown
SILVRETF,Unknown
SIMBHALS,Unknown
SIMPLEXINF,Unknown
SINCLAIR,Unknown
SINDHUTRAD,Unknown
SINTERCOM,Unknown
SIRCA,Unknown
SIS,Professional Services
SITINET,Telecommunication - Equipment
SIYSIL,Unknown
SJLOGISTIC,Unknown
SJS,Unknown
SJVN,Power Generation/Distribution
SKFINDIA,Bearings
SKIPPER,Unknown
SKMEGGPROD,Unknown
SKYGOLD,Unknown
SLONE,Unknown
SMALLCAP,Finance - Others
SMARTEN,Electric Equipment
SMARTLINK,IT - Networking
SMARTWORKS,Unknown
SMCGLOBAL,Unknown
SMLISUZU,Automobiles-Trucks/Lcv
SMLT,Unknown
SMSLIFE,Unknown
SMSPHARMA,Unknown
SMVD,Unknown
SNOWMAN,Unknown
SNXT30BEES,Unknown
SOBHA,Unknown
SOFTTECH,Plastic Products
SOLARA,Unknown
SOLARAPP1,Unknown
SOLARINDS,Unknown
SOLEX,Unknown
SOMANYCERA,Ceramics/Marble/Granite/Sanitaryware
SOMATEX,Unknown
SOMICONVEY,Rubber  Products
SONACOMS,Unknown
SONAMAC,Engineering - Industrial Equipments
SONAMLTD,Unknown
SONATSOFTW,Unknown
SONUINFRA,Unknown
SOTAC,Unknown
SOTL,Unknown
SOUTHBANK,Bank - Public
SOUTHWEST,Unknown
SPAL,Unknown
SPANDANA,Unknown
SPARC,Unknown
SPCENET,Unknown
SPCL,Unknown
SPECIALITY,Carbon Black
SPECTRUM,Unknown
SPECTSTM,Unknown
SPENCERS,Unknown
SPIC,Airlines
SPLIL,Unknown
SPLPETRO,Unknown
SPMLINFRA,Unknown
SPORTKING,Unknown
SPPPOLY,Unknown
SPUNWEB,Unknown
SRD,Unknown
SREEL,Unknown
SRF,Chemicals
SRGHFL,Unknown
SRHHYPOLTD,Unknown
SRIVASAVI,Power Generation/Distribution
SRM,Unknown
SSDL,Unknown
SSEGL,Unknown
SSFL,Unknown
SSWL,Unknown
STALLION,Industrial  Gases & Fuels
STANLEY,Unknown
STAR,Air Conditioners
STARCEMENT,Cement & Construction Materials
STARHEALTH,Insurance
STARPAPER,Unknown
STARTECK,Unknown
STCINDIA,Industrial  Gases & Fuels
STEELCAS,Castings/Forgings
STEELCITY,Unknown
STEELXIND,Unknown
STEL,Unknown
STERTOOLS,Unknown
STLTECH,Plastic Products
STOVEKRAFT,Unknown
STYLAMIND,Laminates/Decoratives
STYLEBAAZA,Unknown
STYRENIX,Unknown
SUBEXLTD,Unknown
SUBROS,Unknown
SUDARSCHEM,Pharmaceuticals & Drugs
SUKHJITS,Unknown
SULA,Engineering
SUMEETINDS,Textile - Spinning
SUMICHEM,Pharmaceuticals & Drugs
SUMIT,Pesticides & Agrochemicals
SUMMITSEC,Unknown
SUNCLAY,Unknown
SUNDARAM,Printing & Stationery
SUNDARMFIN,Unknown
SUNDARMHLD,Unknown
SUNDRMBRAK,Unknown
SUNDRMFAST,Unknown
SUNDROP,Unknown
SUNFLAG,Unknown
SUNLITE,Unknown
SUNPHARMA,Pharmaceuticals & Drugs
SUNTECH,Plastic Products
SUNTECK,Unknown
SUNTV,TV Broadcasting & Software Production
SUPERHOUSE,Footwear
SUPERSPIN,Unknown
SUPRAJIT,Unknown
SUPREME,Petrochemicals
SUPREMEIND,Plastic Products
SUPREMEINF,Unknown
SUPREMEPWR,Unknown
SUPRIYA,Unknown
SURAJEST,Unknown
SURAJLTD,Unknown
SURAKSHA,Unknown
SURANASOL,Unknown
SURANAT&P,Unknown
SURYALAXMI,Unknown
SURYAROSNI,Unknown
SURYODAY,Unknown
SUTLEJTEX,Unknown
SUVEN,Unknown
SUVIDHAA,Fintech
SUYOG,Telecom-Infrastructure
SUZLON,Electric Equipment
SVLL,Unknown
SVPGLOB,Unknown
SWANENERGY,Unknown
SWARAJ,Diesel Engines
SWARAJENG,Diesel Engines
SWASTIK,Castings/Forgings
SWELECTES,Unknown
SWIGGY,e-Commerce
SWSOLAR,Unknown
SYLVANPLY,Unknown
SYMPHONY,Consumer Durables - Domestic Appliances
SYNCOMF,Unknown
SYNGENE,Business Support
SYNOPTICS,Unknown
SYRMA,Electronics - Components
SYSTANGO,Unknown
TAC,Miscellaneous
TAINWALCHM,Unknown
TAJGVK,Unknown
TAKE,Bank - Public
TALBROAUTO,Unknown
TANKUP,Unknown
TANLA,Unknown
TARACHAND,Unknown
TARAPUR,Unknown
TARC,Cement & Construction Materials
TARIL,Unknown
TARMAT,Unknown
TARSONS,Unknown
TASTYBITE,Unknown
TATACHEM,Pharmaceuticals & Drugs
TATACOMM,Telecommunication - Service  Provider
TATACONSUM,Tea/Coffee
TATAELXSI,Unknown
TATAGOLD,Unknown
TATAINVEST,Unknown
TATAMOTORS,Automobiles-Trucks/Lcv
TATAPOWER,Power Generation/Distribution
TATASTEEL,Steel & Iron Products
TATATECH,Plastic Products
TATSILV,Unknown
TATVA,Unknown
TBI,Unknown
TBOTEK,Travel Services
TBZ,Unknown
TCI,Castings/Forgings
TCIEXP,Unknown
TCIFINANCE,Finance - Stock Broking
TCL,Unknown
TCPLPACK,Packaging
TCS,IT - Software
TDPOWERSYS,Unknown
TEAMLEASE,Professional Services
TECH,Plastic Products
TECHERA,Plastic Products
TECHLABS,Plastic Products
TECHM,Plastic Products
TECHNOE,Plastic Products
TECILCHEM,Pharmaceuticals & Drugs
TEGA,Unknown
TEJASNET,Telecommunication - Equipment
TEMBO,Unknown
TERASOFT,Unknown
TEXINFRA,Unknown
TEXMOPIPES,Unknown
TEXRAIL,Unknown
TFCILTD,Unknown
TFL,Chemicals
TGBHOTELS,Unknown
TGL,Finance - NBFC
THANGAMAYL,Unknown
THEINVEST,Unknown
THEJO,Unknown
THELEELA,Unknown
THEMISMED,Unknown
THERMAX,Engineering - Industrial Equipments
THESL,Unknown
THOMASCOOK,Travel Services
THOMASCOTT,Unknown
THYROCARE,Unknown
TI,Abrasives
TICL,Consumer Durables - Electronics
TIIL,Unknown
TIINDIA,Industrial  Gases & Fuels
TIJARIA,Unknown
TIL,Construction Vehicles
TIMESCAN,Unknown
TIMESGTY,Unknown
TIMETECHNO,Plastic Products
TIMKEN,Bearings
TINNARUBR,Unknown
TIPSFILMS,Unknown
TIPSMUSIC,"Film Production, Distribution & Entertainment"
TIRUMALCHM,Unknown
TIRUPATIFL,Unknown
TITAGARH,Railways Wagons
TITAN,Diamond  &  Jewellery
TMB,Unknown
TNIDETF,Unknown
TNPETRO,Petrochemicals
TNPL,Unknown
TNTELE,Cable
TOKYOPLAST,Unknown
TOLINS,Tyres & Allied
TOP100CASE,Unknown
TOP10ADD,Unknown
TOP15IETF,Unknown
TORNTPHARM,Unknown
TORNTPOWER,Unknown
TOTAL,Gas Transmission/Marketing
TOUCHWOOD,Unknown
TPHQ,Unknown
TPLPLASTEH,Unknown
TRACXN,Unknown
TRANSRAILL,Unknown
TRANSTEEL,Unknown
TRANSWORLD,Shipping
TRAVELFOOD,Restaurants
TREEHOUSE,Educational Institutions
TREJHARA,Unknown
TREL,Unknown
TRENT,Retailing
TRF,Unknown
TRIDENT,Textile - Spinning
TRIDHYA,Unknown
TRIGYN,Unknown
TRITURBINE,Unknown
TRIVENI,Engineering - Industrial Equipments
TROM,Compressors / Pumps
TRU,Cement & Construction Materials
TRUST,Textile
TSC,Travel Services
TTKHLTCARE,Unknown
TTKPRESTIG,Consumer Durables - Domestic Appliances
TTL,Solvent  Extraction
TTML,Unknown
TUNWAL,Automobile Two & Three Wheelers
TVSELECT,Unknown
TVSHLTD,Unknown
TVSINVIT,Unknown
TVSMOTOR,Automobile Two & Three Wheelers
TVSSCS,Unknown
TVSSRICHAK,Power Generation/Distribution
TVTODAY,Unknown
TVVISION,Unknown
UBL,Bank - Public
UCAL,Unknown
UCOBANK,Bank - Public
UDAICEMENT,Unknown
UDS,Unknown
UEL,Industrial  Gases & Fuels
UFLEX,Packaging
UFO,Unknown
UGARSUGAR,Unknown
UGROCAP,Unknown
UHTL,Unknown
UJJIVANSFB,Unknown
ULTRACEMCO,Unknown
UMA,Breweries & Distilleries
UMAEXPORTS,Unknown
UMESLTD,Unknown
UMIYA-MRO,Unknown
UNICHEMLAB,Pharmaceuticals & Drugs
UNIDT,Unknown
UNIECOM,Unknown
UNIENTER,Unknown
UNIHEALTH,Unknown
UNIINFO,Unknown
UNILEX,Unknown
UNIMECH,Defence
UNIONBANK,Bank - Public
UNIONGOLD,Unknown
UNIPARTS,Unknown
UNITDSPR,Unknown
UNITECH,Plastic Products
UNITEDPOLY,Textile - Weaving
UNITEDTEA,Unknown
UNIVASTU,Unknown
UNIVCABLES,Unknown
UNIVPHOTO,Unknown
UNOMINDA,Auto Ancillary
UPL,Pesticides & Agrochemicals
URAVIDEF,Unknown
URBAN,Environmental Services
URJA,Unknown
USASEEDS,Unknown
USHAFIN,Unknown
USHAMART,IT - Education
USK,BPO/ITeS
UTIAMC,Unknown
UTIBANKETF,Bank - Public
UTINEXT50,Unknown
UTINIFTETF,Unknown
UTISENSETF,Unknown
UTISXN50,Unknown
UTKARSHBNK,Unknown
UTSSAV,Unknown
UTTAMSUGAR,Unknown
UWCSL,Unknown
UYFINCORP,Unknown
V2RETAIL,Unknown
VADILALIND,Unknown
VAIBHAVGBL,Unknown
VAISHALI,Unknown
VAKRANGEE,Electrodes & Welding Equipment
VAL30IETF,Unknown
VALIANTLAB,Pharmaceuticals & Drugs
VALIANTORG,Unknown
VARDHACRLC,Unknown
VARDMNPOLY,Unknown
VARROC,Unknown
VASCONEQ,Unknown
VASWANI,Steel/Sponge Iron/Pig Iron
VBL,Unknown
VCL,Unknown
VDEAL,Unknown
VEDL,Unknown
VEEDOL,Lubricants
VEEKAYEM,Unknown
VELS,Travel Services
VENKEYS,Unknown
VENTIVE,Unknown
VENUSPIPES,Unknown
VENUSREM,Unknown
VERANDA,Unknown
VERTOZ,Advertising & Media
VESUVIUS,Refractories
VETO,Unknown
VGINFOTECH,Plastic Products
VGUARD,Unknown
VHL,Unknown
VHLTD,Unknown
VIDHIING,Unknown
VIESL,Unknown
VIJAYA,Unknown
VIJIFIN,Unknown
VIKASECO,Unknown
VIKASLIFE,Petrochemicals
VILAS,Unknown
VILINBIO,Unknown
VIMTALABS,Pharmaceuticals & Drugs
VINATIORGA,Unknown
VINCOFE,Unknown
VINDHYATEL,Telecom-Infrastructure
VINEETLAB,Pharmaceuticals & Drugs
VINNY,Unknown
VINSYS,Unknown
VINYAS,Electronics - Components
VINYLINDIA,Industrial  Gases & Fuels
VIPCLOTHNG,Unknown
VIPIND,Unknown
VIPULLTD,Unknown
VIRINCHI,Unknown
VISAKAIND,Unknown
VISAMAN,Unknown
VISASTEEL,Unknown
VISHNU,Unknown
VISHNUINFR,Unknown
VISHWARAJ,Unknown
VISHWAS,Unknown
VITAL,Unknown
VIVIANA,Unknown
VIVIDHA,Unknown
VLEGOV,Courier  Services
VLINFRA,Unknown
VLSFINANCE,Finance - Stock Broking
VMARCIND,Unknown
VMART,Unknown
VMM,Unknown
VOLERCAR,Business Support
VOLTAMP,Unknown
VOLTAS,Air Conditioners
VPRPL,Unknown
VRAJ,Unknown
VRLLOG,Logistics
VSSL,Unknown
VSTIND,Cigarettes/Tobacco
VSTL,Unknown
VSTTILLERS,Automobiles-Tractors
VTL,Unknown
WAAREEENER,Electric Equipment
WAAREEINDO,Batteries
WAAREERTL,Unknown
WABAG,Environmental Services
WALCHANNAG,Unknown
WALPAR,Pharmaceuticals & Drugs
WANBURY,Unknown
WCIL,Unknown
WEALTH,Finance - Others
WEBELSOLAR,Unknown
WEIZMANIND,Unknown
WEL,Abrasives
WELCORP,Unknown
WELENT,Unknown
WELINV,Unknown
WELSPUNLIV,Textile
WENDT,Abrasives
WESTLIFE,Restaurants
WEWIN,Unknown
WHEELS,Unknown
WHIRLPOOL,Consumer Durables - Domestic Appliances
WHITEFORCE,Unknown
WILLAMAGOR,Unknown
WINDLAS,Unknown
WINDMACHIN,Unknown
WINSOL,Engineering Consultancy
WINSOME,Breweries & Distilleries
WIPL,Unknown
WIPRO,IT - Software
WOCKPHARMA,Unknown
WOL3D,Unknown
WOMANCART,Retailing
WONDERLA,Amusement Parks/Recreation/Club
WORTH,Finance - Stock Broking
WSI,Engineering - Construction
WSTCSTPAPR,IT - Software
WTICAB,Unknown
XCHANGING,Unknown
XELPMOC,Unknown
XPROINDIA,Industrial  Gases & Fuels
XTGLOBAL,Unknown
YAARI,e-Commerce
YASHO,Medical Equipment/Supplies/Accessories
YASHOPTICS,Medical Equipment/Supplies/Accessories
YATHARTH,Unknown
YATRA,Travel Services
YCCL,Unknown
YESBANK,Bank - Public
YUDIZ,Unknown
YUKEN,Unknown
ZAGGLE,Unknown
ZEAL,Aquaculture
ZEEL,Educational Institutions
ZEELEARN,Educational Institutions
ZEEMEDIA,Unknown
ZENITHDRUG,Unknown
ZENITHEXPO,Unknown
ZENITHSTL,Unknown
ZENSARTECH,Plastic Products
ZENTEC,Defence
ZFCVINDIA,Industrial  Gases & Fuels
ZIMLAB,Pharmaceuticals & Drugs
ZODIAC,Unknown
ZODIACLOTH,Unknown
ZOTA,Pharmaceuticals & Drugs
ZTECH,Plastic Products
ZUARI,Unknown
ZUARIIND,Unknown
ZYDUSLIFE,Pharmaceuticals & Drugs
ZYDUSWELL,Unknown
